id;nom_med;adresse;tel;fax;email;url
1;Small invoice auxiliary;Diesel Supervisor;147;20396;Bobbie.Wiza@gmail.com;https://fearful-footage.biz/
2;male;Northwest teal Pop;29749;22414;Ronny83@gmail.com;https://elliptical-havoc.info
3;sympathetically Iodine;Lucia Savings;14506;4863;Trenton.Bailey70@hotmail.com;https://thunderous-swine.com/
4;Yttrium if;panel;14105;14350;Rupert_Zboncak0@hotmail.com;https://trim-fat.org
5;hub West;South;4287;5987;Audrey_Stark17@yahoo.com;https://flaky-bookend.org/
6;Sedan Avon;coulomb whenever East;18590;7507;Derek70@yahoo.com;https://cooked-app.biz/
7;lime;black synthesize;4090;1349;Laurine.Kuhlman79@gmail.com;https://fussy-smoke.com
8;ew;Audi unfolded transmitting;9998;17428;Isabell_Borer@gmail.com;https://delicious-spiderling.name
9;assumenda Thallium Cambridgeshire;Electronic transparent Chevrolet;1209;175;Neal.Jacobs96@gmail.com;https://definitive-procedure.name/
10;alarm;extranet;1992;3376;Hattie_Feil96@gmail.com;https://spherical-quotation.biz
